{"policy_0/critic_loss": 8080.7861328125, "_timestamp": 1674216599.6411335, "policy_0/critic_grad_norm": 493.8664245605469, "policy_0/actor_loss": -2.6195900440216064, "policy_0/actor_grad_norm": 0.05759933590888977, "policy_0/update_actor": true, "policy_1/critic_loss": 1400.166015625, "policy_1/critic_grad_norm": 883.5446166992188, "policy_1/actor_loss": -3.245483160018921, "policy_1/actor_grad_norm": 0.049867983907461166, "policy_1/update_actor": true, "average_episode_rewards": 2277.785714285714, "_runtime": 32.14664363861084, "_step": 2240, "_wandb": {"runtime": 42}}